# Book data

insert into Book (isbn, title, author, book_description, num_copies, availability) values ('45443', 'Reluctant Dragon, The', 'Ronny Abdy', 'Displaced midcervical fracture of unspecified femur', 20, 18);
insert into Book (isbn, title, author, book_description, num_copies, availability) values ('64323', 'Uncovered', 'Timothea Spary', 'Dislocation of oth parts of lumbar spine and pelvis, sequela', 4, 4);
insert into Book (isbn, title, author, book_description, num_copies, availability) values ('98745', 'Leprechaun 2', 'Vinny Gillbard', 'Unsp injury of unsp blood vessel at wrs/hnd lv of unsp arm', 6, 2);
insert into Book (isbn, title, author, book_description, num_copies, availability) values ('71824', 'Country Strong', 'Melinde McBratney', 'Displaced dome fracture of right talus', 33, 22);
insert into Book (isbn, title, author, book_description, num_copies, availability) values ('99873', 'Cruel Intentions 2 (Cruel Intentions 2: Manchester Prep)', 'Jaclyn Petrus', 'Hantavirus (cardio)-pulmonary syndrome [HPS] [HCPS]', 65, 59);
insert into Book (isbn, title, author, book_description, num_copies, availability) values ('10092', 'Our Idiot Brother', 'Mitch Uttley', 'Crushing injury of left hip with thigh, sequela', 6, 6);
insert into Book (isbn, title, author, book_description, num_copies, availability) values ('97521', 'Made in Heaven', 'Ferd Hamill', 'Crushing injury of right shoulder and upper arm, subs encntr', 7, 7);
insert into Book (isbn, title, author, book_description, num_copies, availability) values ('98323', 'Bon Voyage, Charlie Brown (and Don''t Come Back!)', 'Silvio Newbegin', 'Displaced fracture of body of unspecified talus', 8, 8);
insert into Book (isbn, title, author, book_description, num_copies, availability) values ('42865', 'Where Sleeping Dogs Lie', 'Trey Beade', 'Person outside car inj in clsn w pick-up truck in traf, init', 9, 9);
insert into Book (isbn, title, author, book_description, num_copies, availability) values ('39707', 'Mister Magoo''s Christmas Carol', 'Arleyne Barnaclough', 'Pathological fracture in neoplastic disease, oth site', 10, 10);

# User data

insert into User (user_id, first_name, last_name, address) values ('c895edd2-33b7-4a3c-9e58-181eabf9a018', 'Donalt', 'Danat', '1 Bartelt Trail');
insert into User (user_id, first_name, last_name, address) values ('ec071cdb-d5e3-48d6-83a7-6a4f64410e6c', 'Sly', 'Penright', '16 American Ash Terrace');
insert into User (user_id, first_name, last_name, address) values ('7adea12c-c3ac-4f90-a98b-112d2b3b8c9d', 'Marjie', 'Stannett', '77 Graceland Alley');
insert into User (user_id, first_name, last_name, address) values ('6d1cc117-700c-4a16-9a74-de9304510fde', 'Elonore', 'Tennock', '2911 Orin Circle');
insert into User (user_id, first_name, last_name, address) values ('43459529-cf66-49b4-830b-d3f333796727', 'Wang', 'Aitken', '16504 Jenna Point');
insert into User (user_id, first_name, last_name, address) values ('155ecca7-e7fa-41ca-800a-cffefb084eca', 'Zeb', 'Blowne', '2422 Nevada Trail');
insert into User (user_id, first_name, last_name, address) values ('2c666169-cc0d-4ffa-a4e3-541101e6f949', 'Jeffy', 'Wilmore', '43173 Holy Cross Circle');
insert into User (user_id, first_name, last_name, address) values ('b0ea3033-c708-45a0-8f30-1a88d67fb8ab', 'Benedetto', 'Brosenius', '9 Mayfield Place');
insert into User (user_id, first_name, last_name, address) values ('6317f884-d878-4fac-9cc1-41d294193cba', 'Ciel', 'Jacquemot', '182 Sachtjen Junction');
insert into User (user_id, first_name, last_name, address) values ('21e438ad-698e-4075-932e-28d63e0fc9d7', 'Paulita', 'Jedrzej', '3921 Fisk Point');
insert into User (user_id, first_name, last_name, address) values ('62b53e0f-5115-42d3-a3db-3fa105d42d70', 'Ardella', 'Yurmanovev', '449 Arizona Avenue');
insert into User (user_id, first_name, last_name, address) values ('495fd408-1221-4a24-808e-bd22e65a8075', 'Wini', 'Castrillo', '06 Northland Road');
insert into User (user_id, first_name, last_name, address) values ('3d10d3d9-02ed-48d7-8d8a-8a2d4417b5bd', 'Yehudi', 'Widdicombe', '9304 Meadow Ridge Place');
insert into User (user_id, first_name, last_name, address) values ('0f9012f8-5c9a-450a-a888-381ffdca417d', 'Letizia', 'Goodlud', '1022 Prentice Crossing');
insert into User (user_id, first_name, last_name, address) values ('14d15888-f0fb-4b13-a350-ba821dbf37a0', 'Chilton', 'Carlick', '806 Oak Valley Trail');
insert into User (user_id, first_name, last_name, address) values ('cb464543-fc02-4eb8-9f68-6334a16a5bcc', 'Isak', 'Sainter', '66 Sugar Plaza');
insert into User (user_id, first_name, last_name, address) values ('6b720cb5-ebfc-4aae-8c4e-c1f7940a6399', 'Seymour', 'Tremathack', '1297 Shasta Center');
insert into User (user_id, first_name, last_name, address) values ('0bee4f2c-23a8-4782-bb38-9241a6e5defb', 'Malvin', 'Fligg', '047 Warner Terrace');
insert into User (user_id, first_name, last_name, address) values ('6779cc34-e410-4286-9d09-5e47a60e27a7', 'Elbertina', 'Fenton', '71 Atwood Crossing');
insert into User (user_id, first_name, last_name, address) values ('4326eb76-e257-4fa6-bee8-b722c2f97a5b', 'Rawley', 'Rays', '37438 4th Parkway');

INSERT INTO `order`(order_id, ISBN, date_taken, date_due, date_returned)
VALUES('b7b4ccb8-f9b9-11ea-b70f-ae1356785645', 71824, CURDATE(), CURDATE() + 4, CURDATE() + 4);

INSERT INTO `order`(order_id, ISBN, date_taken, date_due, date_returned)
VALUES('c6698b7c-f9b9-11ea-b70f-ae1356785645', 42865, CURDATE(), CURDATE() + 4, CURDATE() + 4);

INSERT INTO `order`(order_id, ISBN, date_taken, date_due, date_returned)
VALUES('db2427b6-f9b9-11ea-b70f-ae1356785645', 42865, CURDATE(), CURDATE() + 4, CURDATE() + 4);

INSERT INTO user_order(user_id, order_id)
VALUES ('c895edd2-33b7-4a3c-9e58-181eabf9a018', 'b7b4ccb8-f9b9-11ea-b70f-ae1356785645');
INSERT INTO user_order(user_id, order_id)
VALUES ('c895edd2-33b7-4a3c-9e58-181eabf9a018', 'c6698b7c-f9b9-11ea-b70f-ae1356785645');

INSERT INTO user_order(user_id, order_id)
VALUES ('4326eb76-e257-4fa6-bee8-b722c2f97a5b', 'db2427b6-f9b9-11ea-b70f-ae1356785645');

# Order data

# insert into `Order` (order_id, user_id) values ('0377662918', 10);
# insert into `Order` (order_id, user_id) values ('0855956917', 2);
# insert into `Order` (order_id, user_id) values ('0429848723', 6);
# insert into `Order` (order_id, user_id) values ('0642181099', 7);
# insert into `Order` (order_id, user_id) values ('0530754276', 9);
# insert into `Order` (order_id, user_id) values ('0571072757', 14);
# insert into `Order` (order_id, user_id) values ('0298327544', 20);
# insert into `Order` (order_id, user_id) values ('0377359335', 16);
# insert into `Order` (order_id, user_id) values ('0341164263', 10);
# insert into `Order` (order_id, user_id) values ('0182708594', 2);
#
# insert into OrderItem (order_id, date_taken, date_due, date_returned, ISBN) values ('0377662918', '2020-02-15', '2020-04-10', '2020-05-14', 9987);
# insert into OrderItem (order_id, date_taken, date_due, date_returned, ISBN) values ('0377662918', '2020-02-15', '2020-04-10', '2020-05-14', 7182);
# insert into OrderItem (order_id, date_taken, date_due, date_returned, ISBN) values ('0642181099', '2020-02-23', '2020-02-23', '2020-02-19', 9832);
# insert into OrderItem (order_id, date_taken, date_due, date_returned, ISBN) values ('0429848723', '2020-04-08', '2020-01-03', '2020-07-16', 9987);
# insert into OrderItem (order_id, date_taken, date_due, date_returned, ISBN) values ('0182708594', '2020-05-31', '2019-12-21', '2019-12-12', 4286);
# insert into OrderItem (order_id, date_taken, date_due, date_returned, ISBN) values ('0855956917', '2020-01-03', '2020-04-30', '2020-02-29', 64323);
# insert into OrderItem (order_id, date_taken, date_due, date_returned, ISBN) values ('0530754276', '2020-04-10', '2019-12-09', '2020-09-05', 98745);
# insert into OrderItem (order_id, date_taken, date_due, date_returned, ISBN) values ('0530754276', '2020-04-10', '2019-12-09', '2020-09-05', 9987);
# insert into OrderItem (order_id, date_taken, date_due, date_returned, ISBN) values ('0530754276', '2020-04-10', '2019-12-09', '2020-09-05', 4286);
# insert into OrderItem (order_id, date_taken, date_due, date_returned, ISBN) values ('0341164263', '2020-07-08', '2020-05-16', '2020-04-09', 45443);
# insert into OrderItem (order_id, date_taken, date_due, date_returned, ISBN) values ('0377359335', '2020-03-19', '2019-12-07', '2020-01-08', 1009);
# insert into OrderItem (order_id, date_taken, date_due, date_returned, ISBN) values ('0298327544', '2020-04-25', '2020-01-20', '2020-01-23', 9832);
# insert into OrderItem (order_id, date_taken, date_due, date_returned, ISBN) values ('0571072757', '2019-12-14', '2020-02-19', '2020-07-22', 98745);

